3092803,Конструктор LEGO DUPLO Town Грузовой поезд (10875),12399.0,12399.0,https://www.detmir.ru/product/index/id/3092803/
3187781,Конструктор LEGO Minecraft Шахта крипера 21155,8989.0,8989.0,https://www.detmir.ru/product/index/id/3187781/
3226557,Конструктор LEGO DUPLO Classic Коробка с кубиками большая 10914,4499.0,4499.0,https://www.detmir.ru/product/index/id/3226557/
3405527,Конструктор LEGO DUPLO My First Поезд для животных 10955,1509.0,1509.0,https://www.detmir.ru/product/index/id/3405527/
3596761,Конструктор LEGO DUPLO Town Самолет и аэропорт 10961,1999.0,1999.0,https://www.detmir.ru/product/index/id/3596761/
3244472,Конструктор LEGO DUPLO Грузовик и гусеничный экскаватор 10931,1889.0,1889.0,https://www.detmir.ru/product/index/id/3244472/
3475284,Конструктор LEGO City Торговая улица 60306,5999.0,5999.0,https://www.detmir.ru/product/index/id/3475284/
3018843,Конструктор LEGO BOOST  Набор для конструирования и программирования (17101),16789.0,16789.0,https://www.detmir.ru/product/index/id/3018843/
3620624,Конструктор LEGO Friends Серферский дом на берегу 41693,6699.0,6699.0,https://www.detmir.ru/product/index/id/3620624/
3200884,Конструктор LEGO Technic Land Rover Defender 42110,16999.0,16999.0,https://www.detmir.ru/product/index/id/3200884/
3596755,Конструктор LEGO DUPLO Town Семейное приключение на микроавтобусе 10946,2149.0,2149.0,https://www.detmir.ru/product/index/id/3596755/
3244569,Конструктор LEGO Super Mario Приключения вместе с Марио 71360,4779.0,4779.0,https://www.detmir.ru/product/index/id/3244569/
3596758,Конструктор LEGO DUPLO My First Поезд с цифрами-учимся считать 10954,1299.0,1299.0,https://www.detmir.ru/product/index/id/3596758/
3405639,Конструктор LEGO Minecraft Дом-свинья 21170,5629.0,5629.0,https://www.detmir.ru/product/index/id/3405639/
3596883,Конструктор LEGO City Парк каскадёров 60293,2299.0,2299.0,https://www.detmir.ru/product/index/id/3596883/
3596790,Конструктор LEGO Friends Киоск на Волшебной ярмарке 41687,1999.0,1999.0,https://www.detmir.ru/product/index/id/3596790/
3596973,Конструктор LEGO Ninjago Сверхзвуковой самолёт 71739,7999.0,7999.0,https://www.detmir.ru/product/index/id/3596973/
3596786,Конструктор LEGO Friends Волшебная акробатика 41686,1799.0,1799.0,https://www.detmir.ru/product/index/id/3596786/
3405578,Конструктор LEGO My City Современный дом для семьи 60291,4199.0,4199.0,https://www.detmir.ru/product/index/id/3405578/
3596925,Конструктор LEGO Super Mario Стартовый набор Приключения вместе с Луиджи 71387,4779.0,4779.0,https://www.detmir.ru/product/index/id/3596925/
3405579,Конструктор LEGO My City Центр города 60292,8499.0,8499.0,https://www.detmir.ru/product/index/id/3405579/
3405532,Конструктор LEGO DUPLO Town Фермерский трактор сарай и животные 10952,5999.0,5999.0,https://www.detmir.ru/product/index/id/3405532/
3596757,Конструктор LEGO DUPLO Town Гараж и автомойка 10948,8499.0,8499.0,https://www.detmir.ru/product/index/id/3596757/
4058546,Конструктор LEGO Disney Princess 43201,2029.0,2029.0,https://www.detmir.ru/product/index/id/4058546/
3596784,Конструктор LEGO Friends Гранд-отель Хартлейк Сити 41684,11389.0,11389.0,https://www.detmir.ru/product/index/id/3596784/
3092801,Конструктор LEGO DUPLO Town Железнодорожный мост (10872),2629.0,2629.0,https://www.detmir.ru/product/index/id/3092801/
3596713,Конструктор LEGO Mickey and Friends Магазин мороженого Минни 10773,1599.0,1599.0,https://www.detmir.ru/product/index/id/3596713/
3188097,Конструктор LEGO Technic Экстремальный внедорожник 42099,16769.0,16769.0,https://www.detmir.ru/product/index/id/3188097/
3596889,Конструктор LEGO City Stunt 60299,1599.0,1599.0,https://www.detmir.ru/product/index/id/3596889/
3597030,Конструктор LEGO Super Heroes Корабль Стражей 76193,17749.0,17749.0,https://www.detmir.ru/product/index/id/3597030/
3405525,Конструктор LEGO DUPLO Classic Шкатулка-сердечко 10909,1909.0,1909.0,https://www.detmir.ru/product/index/id/3405525/
3596717,Конструктор LEGO DUPLO Disney Дом и кафе Минни 10942,4299.0,4299.0,https://www.detmir.ru/product/index/id/3596717/
3405583,Конструктор LEGO City Fire Спасательный пожарный вертолёт 60281,2499.0,2499.0,https://www.detmir.ru/product/index/id/3405583/
3620627,Конструктор LEGO City Wildlife Лагерь спасения дикой природы 60307,7999.0,7999.0,https://www.detmir.ru/product/index/id/3620627/
3596885,Конструктор LEGO City Арена для шоу каскадёров 60295,7999.0,7999.0,https://www.detmir.ru/product/index/id/3596885/
3405530,Конструктор LEGO DUPLO Town Фермерский трактор и животные 10950,1599.0,1599.0,https://www.detmir.ru/product/index/id/3405530/
3405531,Конструктор LEGO DUPLO Town Конюшня для лошади и пони 10951,2399.0,2399.0,https://www.detmir.ru/product/index/id/3405531/
3596716,Конструктор LEGO DUPLO Super Heroes Штаб-квартира Человека-паука 10940,2499.0,2499.0,https://www.detmir.ru/product/index/id/3596716/
3596884,Конструктор LEGO Грузовик для шоу каскадёров 60294,5229.0,5229.0,https://www.detmir.ru/product/index/id/3596884/
3475282,Конструктор LEGO DUPLO Classic Веселый день рождения 10958,4999.0,4999.0,https://www.detmir.ru/product/index/id/3475282/
3596974,Конструктор LEGO Ninjago Дар Судьбы Решающая битва 71749,2999.0,2999.0,https://www.detmir.ru/product/index/id/3596974/
3597019,Конструктор LEGO Ninjago Храм Бескрайнего моря 71755,9999.0,9999.0,https://www.detmir.ru/product/index/id/3597019/
3244480,Конструктор LEGO DUPLO Башенный кран на стройке 10933,9499.0,9499.0,https://www.detmir.ru/product/index/id/3244480/
3233714,Конструктор LEGO DUPLO Большая строительная пластина 2304,1299.0,1299.0,https://www.detmir.ru/product/index/id/3233714/
3244473,Конструктор LEGO DUPLO Бульдозер 10930,649.0,649.0,https://www.detmir.ru/product/index/id/3244473/
3596714,Конструктор LEGO Mickey and Friends Космическая ракета Микки и Минни 10774,1599.0,1599.0,https://www.detmir.ru/product/index/id/3596714/
3405526,Конструктор LEGO DUPLO My First Единорог 10953,659.0,659.0,https://www.detmir.ru/product/index/id/3405526/
3758560,Конструктор LEGO Star Wars Легкий имперский крейсер 75315,16189.0,16189.0,https://www.detmir.ru/product/index/id/3758560/
3596785,Конструктор LEGO Friends Американские горки на Волшебной ярмарке 41685,8799.0,8799.0,https://www.detmir.ru/product/index/id/3596785/
3596759,Конструктор LEGO DUPLO Town Парк развлечений 10956,8299.0,8299.0,https://www.detmir.ru/product/index/id/3596759/
618981,Конструктор LEGO Classic Строительная пластина зеленого цвета (10700),599.0,599.0,https://www.detmir.ru/product/index/id/618981/
3405548,Конструктор LEGO Friends Органическое кафе Хартлейк-Сити 41444,2129.0,2129.0,https://www.detmir.ru/product/index/id/3405548/
3596921,Конструктор LEGO City Wildlife 60302,7999.0,7999.0,https://www.detmir.ru/product/index/id/3596921/
3405551,Конструктор LEGO Friends Торговый центр Хартлейк Сити 41450,11389.0,11389.0,https://www.detmir.ru/product/index/id/3405551/
3405584,Конструктор LEGO City Fire Команда пожарных 60282,5989.0,5989.0,https://www.detmir.ru/product/index/id/3405584/
3475287,Конструктор LEGO Friends Парк Хартлейк Сити 41447,3199.0,3199.0,https://www.detmir.ru/product/index/id/3475287/
3405528,Конструктор LEGO DUPLO My First Пожарный вертолет и полицейский автомобиль 10957,849.0,849.0,https://www.detmir.ru/product/index/id/3405528/
4058545,Конструктор LEGO Disney Princess 43200,2029.0,2029.0,https://www.detmir.ru/product/index/id/4058545/
3193108,Конструктор LEGO Disney Frozen Волшебный ледяной замок Эльзы 43172,7789.0,7789.0,https://www.detmir.ru/product/index/id/3193108/
3596877,Конструктор LEGO Technic Бульдозер Cat D11T 42131,49189.0,49189.0,https://www.detmir.ru/product/index/id/3596877/
3596920,Конструктор LEGO City Wildlife Спасательный внедорожник для зверей 60301,3999.0,3999.0,https://www.detmir.ru/product/index/id/3596920/
3405535,Конструктор LEGO Classic Прозрачные кубики 11013,3109.0,3109.0,https://www.detmir.ru/product/index/id/3405535/
3405614,Конструктор LEGO Super Mario дополнительный набор загадочное испытание растения-пираньи 71382,2099.0,2099.0,https://www.detmir.ru/product/index/id/3405614/
3405550,Конструктор LEGO Friends Дом семьи Андреа 41449,6999.0,6999.0,https://www.detmir.ru/product/index/id/3405550/
3596876,Конструктор LEGO Technic Полноприводный грузовик-внедорожник Mercedes-Benz Zetros 42129,31189.0,31189.0,https://www.detmir.ru/product/index/id/3596876/
3405544,Конструктор LEGO Disney Princess Королевская карета Золушки 43192,3869.0,3869.0,https://www.detmir.ru/product/index/id/3405544/
3985290,Конструктор LEGO Super Heroes Бэтмобиль Тумблер 76240,26389.0,26389.0,https://www.detmir.ru/product/index/id/3985290/
3596756,Конструктор LEGO DUPLO Town Гоночные машины 10947,3769.0,3769.0,https://www.detmir.ru/product/index/id/3596756/
3244614,Конструктор LEGO Technic Lamborghini Sian FKP 37 42115,44149.0,44149.0,https://www.detmir.ru/product/index/id/3244614/
3596888,Конструктор LEGO City Stunt 60298,629.0,629.0,https://www.detmir.ru/product/index/id/3596888/
3620623,Конструктор LEGO Mickey and Friends Ферма Микки и Дональда 10775,2399.0,2399.0,https://www.detmir.ru/product/index/id/3620623/
3200882,Конструктор LEGO Disney Frozen Шкатулка Эльзы 41168,3869.0,3869.0,https://www.detmir.ru/product/index/id/3200882/
3498474,Конструктор LEGO Vidiyo Бэндмейты 43101,229.0,229.0,https://www.detmir.ru/product/index/id/3498474/
3777764,Конструктор LEGO City Occasions Новогодний календарь 60303,2029.0,2029.0,https://www.detmir.ru/product/index/id/3777764/
3596770,Конструктор LEGO Creator Колесо обозрения 31119,10189.0,10189.0,https://www.detmir.ru/product/index/id/3596770/
3597052,Конструктор LEGO Jurassic World Скелет тираннозавра на выставке 76940,3349.0,3349.0,https://www.detmir.ru/product/index/id/3597052/
3405577,Конструктор LEGO My City Скейт-парк 60290,2799.0,2799.0,https://www.detmir.ru/product/index/id/3405577/
3597021,Конструктор LEGO Star Wars Дуэль на Мандалоре 75310,1499.0,1499.0,https://www.detmir.ru/product/index/id/3597021/
3596763,Конструктор LEGO Classic Вокруг света 11015,4499.0,4499.0,https://www.detmir.ru/product/index/id/3596763/
3599721,Конструктор LEGO VIDIYO Candy Castle Stage (Сцена карамельного замка) 43111,1489.0,1489.0,https://www.detmir.ru/product/index/id/3599721/
3777767,Конструктор LEGO Harry Potter Новогодний календарь 76390,3109.0,3109.0,https://www.detmir.ru/product/index/id/3777767/
3405655,Конструктор LEGO Technic Ferrari 488 GTE 42125,20269.0,20269.0,https://www.detmir.ru/product/index/id/3405655/
3234225,Конструктор LEGO Trolls Путешествие Розочки на воздушном шаре 41252,2342.0,2342.0,https://www.detmir.ru/product/index/id/3234225/
3777569,Конструктор LEGO Friends Новогодний календарь 41690,2389.0,2389.0,https://www.detmir.ru/product/index/id/3777569/
3405555,Конструктор LEGO Friends Ветеринарная клиника Хартлейк-Сити 41446,4309.0,4309.0,https://www.detmir.ru/product/index/id/3405555/
3597051,Конструктор LEGO Jurassic World Побег стигимолоха 76939,3899.0,3899.0,https://www.detmir.ru/product/index/id/3597051/
3099183,Конструктор LEGO City Trains Рельсы 60205,1789.0,1789.0,https://www.detmir.ru/product/index/id/3099183/
3596882,Конструктор LEGO Disney Princess Ледяной замок 43197,23629.0,23629.0,https://www.detmir.ru/product/index/id/3596882/
3226570,Конструктор LEGO Classic Кубики и домики 11008,1909.0,1909.0,https://www.detmir.ru/product/index/id/3226570/
3597053,Конструктор LEGO Jurassic World Погоня за карнотавром 76941,5509.0,5509.0,https://www.detmir.ru/product/index/id/3597053/
3594634,Конструктор LEGO Star Wars Имперский разведывательный дроид 75306,8389.0,8389.0,https://www.detmir.ru/product/index/id/3594634/
3244612,Конструктор LEGO Technic Самосвал Volvo 6*6 42114,27589.0,27589.0,https://www.detmir.ru/product/index/id/3244612/
3597029,Конструктор LEGO Super Heroes «Мстители: Финал» — решающая битва 76192,10189.0,10189.0,https://www.detmir.ru/product/index/id/3597029/
3405542,Конструктор LEGO Creator Пляжный домик серферов 31118,5389.0,5389.0,https://www.detmir.ru/product/index/id/3405542/
3594628,Конструктор LEGO Super Heroes Битва в древней деревне 76177,4429.0,4429.0,https://www.detmir.ru/product/index/id/3594628/
3244544,Конструктор LEGO Minions Тренировочный полёт 75547,3589.0,3589.0,https://www.detmir.ru/product/index/id/3244544/
3405549,Конструктор LEGO Friends Кинотеатр Хартлейк-Сити 41448,4299.0,4299.0,https://www.detmir.ru/product/index/id/3405549/
3596878,Конструктор LEGO Disney Princess Книга сказочных приключений Ариэль Белль Золушки и Тианы 43193,2389.0,2389.0,https://www.detmir.ru/product/index/id/3596878/
3405636,Конструктор LEGO Minecraft Коралловый риф 21164,1189.0,1189.0,https://www.detmir.ru/product/index/id/3405636/
3596926,Конструктор LEGO Super Mario Падающая башня босса братца-сумо 71388,2599.0,2599.0,https://www.detmir.ru/product/index/id/3596926/
3188096,Конструктор LEGO DUPLO Princess Ледяной замок 10899,4849.0,4849.0,https://www.detmir.ru/product/index/id/3188096/
3475286,Конструктор LEGO Friends Набор кубиков Хартлейк Сити 41431,4309.0,4309.0,https://www.detmir.ru/product/index/id/3475286/
3596783,Конструктор LEGO Friends Лесной клуб верховой езды 41683,6199.0,6199.0,https://www.detmir.ru/product/index/id/3596783/
3597050,Конструктор LEGO Speed Champions Mopar Dodge//SRT Top Fuel Dragster and 1970 Dodge Challenger T/A 76904,6589.0,6589.0,https://www.detmir.ru/product/index/id/3597050/
3405529,Конструктор LEGO DUPLO Town Уход за животными на ферме 10949,749.0,749.0,https://www.detmir.ru/product/index/id/3405529/
3405596,Конструктор LEGO Super Heroes Воздушное нападение Вечных 76145,1189.0,1189.0,https://www.detmir.ru/product/index/id/3405596/
3596715,Конструктор LEGO Mickey and Friends Пожарная часть и машина Микки и его друзей 10776,3769.0,3769.0,https://www.detmir.ru/product/index/id/3596715/
3200890,Конструктор LEGO Star Wars Йода 75255,11389.0,11389.0,https://www.detmir.ru/product/index/id/3200890/
3599722,Конструктор LEGO VIDIYO Robo HipHop Car (Машина Хип-Хоп Робота) 43112,1489.0,1489.0,https://www.detmir.ru/product/index/id/3599722/
3596887,Конструктор LEGO City Stunt 60297,629.0,629.0,https://www.detmir.ru/product/index/id/3596887/
3244543,Конструктор LEGO Minions Миньоны в лаборатории Грю 75546,2149.0,2149.0,https://www.detmir.ru/product/index/id/3244543/
3405626,Конструктор LEGO Ninjago Ниндзя-перехватчик Х-1 71737,5389.0,5389.0,https://www.detmir.ru/product/index/id/3405626/
3405543,Конструктор LEGO Disney Princess Праздничный корабль Ариэль 43191,3109.0,3109.0,https://www.detmir.ru/product/index/id/3405543/
3596822,Конструктор LEGO Dots Подставка для карандашей 41936,2029.0,2029.0,https://www.detmir.ru/product/index/id/3596822/
3599719,Конструктор LEGO VIDIYO Metal Dragon BeatBox (Битбокс Дракона-Металлиста) 43109,889.0,889.0,https://www.detmir.ru/product/index/id/3599719/
3405534,Конструктор LEGO Jurassic World Побег динозавров: тираннозавр и трицератопс 10939,3109.0,3109.0,https://www.detmir.ru/product/index/id/3405534/
3498483,Конструктор LEGO Star Wars Микрофайтеры AT-AT против таунтауна 75298,2149.0,2149.0,https://www.detmir.ru/product/index/id/3498483/
3244527,Конструктор LEGO Dots Браслет Мороженое 41910,389.0,389.0,https://www.detmir.ru/product/index/id/3244527/
618971,Строительная пластина LEGO Classic Серая (10701),1299.0,1299.0,https://www.detmir.ru/product/index/id/618971/
3596778,Конструктор LEGO Friends Кьюб Андреа для плавания 41671,619.0,619.0,https://www.detmir.ru/product/index/id/3596778/
3498477,Конструктор LEGO Vidiyo Битбокс Диджея Пришельца 43104,889.0,889.0,https://www.detmir.ru/product/index/id/3498477/
3594627,Конструктор LEGO Super Heroes Побег от Десяти колец 76176,3349.0,3349.0,https://www.detmir.ru/product/index/id/3594627/
3226558,Конструктор LEGO DUPLO Грузовик Алфавит 10915,2989.0,2989.0,https://www.detmir.ru/product/index/id/3226558/
3405533,Конструктор LEGO DUPLO Disney Праздничный поезд Микки и Минни 10941,3109.0,3109.0,https://www.detmir.ru/product/index/id/3405533/
3150682,Конструктор LEGO Technic Porsche 911 RSR 42096,16789.0,16789.0,https://www.detmir.ru/product/index/id/3150682/
3244576,Конструктор LEGO Super Mario Огневой налёт Билла-банзай 71366,2099.0,2099.0,https://www.detmir.ru/product/index/id/3244576/
3176040,Конструктор LEGO DUPLO Town Животные мира 10907,10789.0,10789.0,https://www.detmir.ru/product/index/id/3176040/
3405580,Конструктор LEGO City Town Дорожные пластины 60304,1599.0,1599.0,https://www.detmir.ru/product/index/id/3405580/
3200883,Конструктор LEGO Disney Frozen Олаф 41169,649.0,649.0,https://www.detmir.ru/product/index/id/3200883/
3596774,Конструктор LEGO Friends Кьюб Оливии для игр 41667,799.0,799.0,https://www.detmir.ru/product/index/id/3596774/
3405598,Конструктор LEGO Super Heroes Вечные перед лицом Аришема 76155,6899.0,6899.0,https://www.detmir.ru/product/index/id/3405598/
3498482,Конструктор LEGO Star Wars Истребитель Сопротивления типа X 75297,2149.0,2149.0,https://www.detmir.ru/product/index/id/3498482/
3405616,Конструктор LEGO Super Mario набор усилений Марио-пингвин 71384,739.0,739.0,https://www.detmir.ru/product/index/id/3405616/
3596777,Конструктор LEGO Friends Кьюб для балета Стефани 41670,619.0,619.0,https://www.detmir.ru/product/index/id/3596777/
3594626,Конструктор LEGO Minifigures Минифигурки Looney Tunes в непрозрачной упаковке (Сюрприз)71030,329.0,329.0,https://www.detmir.ru/product/index/id/3594626/
3200881,Конструктор LEGO Disney Frozen Деревня в Эренделле 41167,6199.0,6199.0,https://www.detmir.ru/product/index/id/3200881/
3498481,Конструктор LEGO Vidiyo Битбокс Хип-Хоп Робота 43107,889.0,889.0,https://www.detmir.ru/product/index/id/3498481/
3226695,Конструктор LEGO City Nitro Wheels Тюнинг-мастерская 60258,10789.0,10789.0,https://www.detmir.ru/product/index/id/3226695/
3405628,Конструктор LEGO Ninjago Легендарные битвы: Кай против Армии скелетов 71730,949.0,949.0,https://www.detmir.ru/product/index/id/3405628/
3405631,Конструктор LEGO Ninjago Легендарные битвы: Коул против Призрачного воина 71733,949.0,949.0,https://www.detmir.ru/product/index/id/3405631/
3405553,Конструктор LEGO Friends Передвижной груминг-салон для кошек 41439,799.0,799.0,https://www.detmir.ru/product/index/id/3405553/
3596977,Конструктор LEGO Ninjago Атака огненного дракона 71753,5389.0,5389.0,https://www.detmir.ru/product/index/id/3596977/
3599720,Конструктор LEGO VIDIYO Folk Fairy BeatBox (Битбокс Феи Фолка) 43110,889.0,889.0,https://www.detmir.ru/product/index/id/3599720/
3596711,Конструктор LEGO Mickey and Friends Винтовой самолёт Микки 10772,949.0,949.0,https://www.detmir.ru/product/index/id/3596711/
3244608,Конструктор LEGO Star Wars AT-AT 75288,16789.0,16789.0,https://www.detmir.ru/product/index/id/3244608/
3596836,Конструктор LEGO Dots Большой набор Летнее настроение 41937,3109.0,3109.0,https://www.detmir.ru/product/index/id/3596836/
3405612,Конструктор LEGO Super Mario Твои уровни! Твои приключения! 71380,6589.0,6589.0,https://www.detmir.ru/product/index/id/3405612/
2954071,Конструктор LEGO DUPLO Town Большой парк аттракционов (10840),8269.0,8269.0,https://www.detmir.ru/product/index/id/2954071/
3142206,Конструктор LEGO Movie Шкатулка королевы Многолики Собери что хочешь 70825,2869.0,2869.0,https://www.detmir.ru/product/index/id/3142206/
3405619,Конструктор LEGO Ninjago Электрический робот Джея 71740,1699.0,1699.0,https://www.detmir.ru/product/index/id/3405619/
3596796,Конструктор LEGO Friends Волшебный фургон 41688,5389.0,5389.0,https://www.detmir.ru/product/index/id/3596796/
3498476,Конструктор LEGO Vidiyo Битбокс Пирата Панка 43103,889.0,889.0,https://www.detmir.ru/product/index/id/3498476/
3405613,Конструктор LEGO Super Mario дополнительный набор Кусалкин на цепи-встреча в джунглях 71381,1753.0,1753.0,https://www.detmir.ru/product/index/id/3405613/
3405552,Конструктор LEGO Friends Пекарня Хартлейк-Сити 41440,1699.0,1699.0,https://www.detmir.ru/product/index/id/3405552/
3334780,Конструктор LEGO Disney Princess Лесной домик Спящей красавицы 43188,4309.0,4309.0,https://www.detmir.ru/product/index/id/3334780/
3142024,Конструктор LEGO DUPLO Town Пожарное депо 10903,5389.0,5389.0,https://www.detmir.ru/product/index/id/3142024/
3596776,Конструктор LEGO Friends Футбольный кьюб Мии 41669,619.0,619.0,https://www.detmir.ru/product/index/id/3596776/
3405547,Конструктор LEGO Friends Электромобиль Оливии 41443,1389.0,1389.0,https://www.detmir.ru/product/index/id/3405547/
3596818,Конструктор LEGO Dots Большой набор тайлов 41935,1499.0,1499.0,https://www.detmir.ru/product/index/id/3596818/
3244551,Конструктор LEGO Super Heroes Геликарриер 76153,13789.0,13789.0,https://www.detmir.ru/product/index/id/3244551/
3596747,Конструктор LEGO DUPLO Town Мусоровоз и контейнеры для раздельного сбора мусора 10945,1789.0,1789.0,https://www.detmir.ru/product/index/id/3596747/
3405617,Конструктор LEGO Super Mario набор усилений Марио Тануки 71385,709.0,709.0,https://www.detmir.ru/product/index/id/3405617/
3244584,Конструктор LEGO Ninjago Бой на штормовом истребителе 71703,3109.0,3109.0,https://www.detmir.ru/product/index/id/3244584/
3244578,Конструктор LEGO Super Mario Погоня за сокровищами Тоада 71368,7789.0,7789.0,https://www.detmir.ru/product/index/id/3244578/
3599723,Конструктор LEGO VIDIYO K-Pawp Concert (Концерт в стиле К-поп) 43113,2689.0,2689.0,https://www.detmir.ru/product/index/id/3599723/
3156351,Конструктор LEGO 4+ Парк аттракционов Базза и Вуди 10770,3879.0,3879.0,https://www.detmir.ru/product/index/id/3156351/
3405545,Конструктор LEGO Disney Princess Саламандра Бруни 43186,1309.0,1309.0,https://www.detmir.ru/product/index/id/3405545/
3405557,Конструктор LEGO Friends Кьюб Эммы с далматинцем 41663,609.0,609.0,https://www.detmir.ru/product/index/id/3405557/
3405576,Конструктор LEGO Dots Браслет Музыка 41933,589.0,589.0,https://www.detmir.ru/product/index/id/3405576/
3405565,Конструктор LEGO Dots Креативный набор для праздника 41926,2389.0,2389.0,https://www.detmir.ru/product/index/id/3405565/
3405582,Конструктор LEGO City Fire Пожарная машина с лестницей 60280,1499.0,1499.0,https://www.detmir.ru/product/index/id/3405582/
3405630,Конструктор LEGO Ninjago Легендарные битвы: Джей против воина-серпентина 71732,849.0,849.0,https://www.detmir.ru/product/index/id/3405630/
3405607,Конструктор LEGO Super Heroes 76170,2149.0,2149.0,https://www.detmir.ru/product/index/id/3405607/
3596800,Конструктор LEGO Friends Волшебное колесо обозрения и горка 41689,5269.0,5269.0,https://www.detmir.ru/product/index/id/3596800/
3108625,Конструктор LEGO City Trains Железнодорожные стрелки 60238,2149.0,2149.0,https://www.detmir.ru/product/index/id/3108625/
3405644,Конструктор LEGO Star Wars Мандалорец и малыш 75317,2149.0,2149.0,https://www.detmir.ru/product/index/id/3405644/
3890016,Конструктор LEGO Super Heroes Маска Бэтмена из классического сериала 76238,5999.0,5999.0,https://www.detmir.ru/product/index/id/3890016/
3597026,Конструктор LEGO Super Heroes Битва Капитана Америка с Гидрой 76189,1069.0,1069.0,https://www.detmir.ru/product/index/id/3597026/
3498473,Конструктор LEGO Disney Princess Лодка Буна 43185,5509.0,5509.0,https://www.detmir.ru/product/index/id/3498473/
3596971,Конструктор LEGO Super Mario Марио-пчела 71393,899.0,899.0,https://www.detmir.ru/product/index/id/3596971/
3226565,Конструктор LEGO DUPLO Town Киоск-пиццерия 10927,749.0,749.0,https://www.detmir.ru/product/index/id/3226565/
3244582,Конструктор LEGO Super Mario Марио-кот 71372,1069.0,1069.0,https://www.detmir.ru/product/index/id/3244582/
3596968,Конструктор LEGO Super Mario Нокдаун резноров 71390,7789.0,7789.0,https://www.detmir.ru/product/index/id/3596968/
3596843,Конструктор LEGO Dots Брелок для сумки Единорог 41940,649.0,649.0,https://www.detmir.ru/product/index/id/3596843/
3405566,Конструктор LEGO Dots Браслет Звёздное небо 41934,629.0,629.0,https://www.detmir.ru/product/index/id/3405566/
3405629,Конструктор LEGO Ninjago Легендарные битвы: Зейн против Ниндроида 71731,949.0,949.0,https://www.detmir.ru/product/index/id/3405629/
3498479,Конструктор LEGO Vidiyo Битбокс Любителя вечеринок Л.Л.А.М.А 43105,889.0,889.0,https://www.detmir.ru/product/index/id/3498479/
3988995,Конструктор LEGO Art Творческий проект Создаем вместе 21226,8989.0,8989.0,https://www.detmir.ru/product/index/id/3988995/
3334779,Конструктор LEGO Disney Princess Башня Рапунцель 43187,5799.0,5799.0,https://www.detmir.ru/product/index/id/3334779/
3156347,Конструктор LEGO 4+ Трюковое шоу Дюка Бубумса 10767,1449.0,1449.0,https://www.detmir.ru/product/index/id/3156347/
3596767,Конструктор LEGO Minecraft Современный домик на дереве 21174,13789.0,13789.0,https://www.detmir.ru/product/index/id/3596767/
3405599,Конструктор LEGO Super Heroes Взлёт Домо 76156,9589.0,9589.0,https://www.detmir.ru/product/index/id/3405599/
3599724,Конструктор LEGO VIDIYO Punk Pirate Ship (Корабль Пирата Панка) 43114,3589.0,3589.0,https://www.detmir.ru/product/index/id/3599724/
3226561,Конструктор LEGO DUPLO Princess Чаепитие у Эльзы и Олафа 10920,2029.0,2029.0,https://www.detmir.ru/product/index/id/3226561/
3596970,Конструктор LEGO Super Mario Марио-лягушка 71392,659.0,659.0,https://www.detmir.ru/product/index/id/3596970/
3596890,Конструктор LEGO City Wildlife Спасательный вездеход для зверей 60300,799.0,799.0,https://www.detmir.ru/product/index/id/3596890/
3018899,Конструктор LEGO Синяя базовая пластина Classic (10714),432.0,432.0,https://www.detmir.ru/product/index/id/3018899/
3142205,Конструктор LEGO Movie Познакомьтесь с королевой Многоликой Прекрасной 70824,1199.0,1199.0,https://www.detmir.ru/product/index/id/3142205/
3596781,Конструктор LEGO Friends Лесной дом на колесах и парусная лодка 41681,5389.0,5389.0,https://www.detmir.ru/product/index/id/3596781/
3156348,Конструктор LEGO 4+ Приключения Базза и Бо Пип на детской площадке 10768,2199.0,2199.0,https://www.detmir.ru/product/index/id/3156348/
3596972,Конструктор LEGO Ninjago Мотоцикл Кая 71734,799.0,799.0,https://www.detmir.ru/product/index/id/3596972/
3405609,Конструктор LEGO Jurassic World Побег галлимима и птеранодона 75940,6589.0,6589.0,https://www.detmir.ru/product/index/id/3405609/
3226646,Конструктор LEGO Disney Princess Книга приключений Белль 43177,1599.0,1599.0,https://www.detmir.ru/product/index/id/3226646/
3405558,Конструктор LEGO Friends Кьюб Мии с мопсом 41664,619.0,619.0,https://www.detmir.ru/product/index/id/3405558/
3144089,Конструктор LEGO Classic Базовый набор кубиков 11002,1909.0,1909.0,https://www.detmir.ru/product/index/id/3144089/
3405573,Конструктор LEGO Dots Брелок Леопард 41929,649.0,649.0,https://www.detmir.ru/product/index/id/3405573/
3405640,Конструктор LEGO Star Wars Микрофайтеры Сокол тысячелетия 75295,1069.0,1069.0,https://www.detmir.ru/product/index/id/3405640/
3596842,Конструктор LEGO Dots Брелок для сумки Дракон 41939,649.0,649.0,https://www.detmir.ru/product/index/id/3596842/
3596782,Конструктор LEGO Friends Школа Хартлейк Сити 41682,7789.0,7789.0,https://www.detmir.ru/product/index/id/3596782/
3596779,Конструктор LEGO Friends Лесной водопад 41677,799.0,799.0,https://www.detmir.ru/product/index/id/3596779/
3596927,Конструктор LEGO Super Mario Небесный мир лакиту 71389,4429.0,4429.0,https://www.detmir.ru/product/index/id/3596927/
3244511,Конструктор LEGO Friends Пляжный домик 41428,5389.0,5389.0,https://www.detmir.ru/product/index/id/3244511/
3244526,Конструктор LEGO Dots Браслет Русалочка 41909,649.0,649.0,https://www.detmir.ru/product/index/id/3244526/
3142201,Конструктор LEGO Movie Набор кинорежиссёра 70820,4549.0,4549.0,https://www.detmir.ru/product/index/id/3142201/
3596775,Конструктор LEGO Friends Модный кьюб Эммы 41668,889.0,889.0,https://www.detmir.ru/product/index/id/3596775/
3226750,Конструктор LEGO Speed Champions Lamborghini Urus ST-X Lamborghini Huracan Super Trofeo EVO 76899,6589.0,6589.0,https://www.detmir.ru/product/index/id/3226750/
3244528,Конструктор LEGO Dots Браслеты Приключения 41918,649.0,649.0,https://www.detmir.ru/product/index/id/3244528/
3226571,Конструктор LEGO Classic Пластина базовая Белая 11010,709.0,709.0,https://www.detmir.ru/product/index/id/3226571/
3596881,Конструктор LEGO Disney Princess Замок Белль и Чудовища 43196,8989.0,8989.0,https://www.detmir.ru/product/index/id/3596881/
3244580,Конструктор LEGO Super Mario Марио-пожарный 71370,1069.0,1069.0,https://www.detmir.ru/product/index/id/3244580/
3405615,Конструктор LEGO Super Mario дополнительный набор ядовитое болото егозы 71383,4429.0,4429.0,https://www.detmir.ru/product/index/id/3405615/
3405561,Конструктор LEGO Dots Тайлы — серия 3 41921,249.0,249.0,https://www.detmir.ru/product/index/id/3405561/
3405554,Конструктор LEGO Friends Машина скорой ветеринарной помощи 41445,3109.0,3109.0,https://www.detmir.ru/product/index/id/3405554/
3244581,Конструктор LEGO Super Mario Марио-вертолет 71371,1069.0,1069.0,https://www.detmir.ru/product/index/id/3244581/
3226593,Конструктор LEGO Creator Грузовик Монстрбургер 31104,5389.0,5389.0,https://www.detmir.ru/product/index/id/3226593/
3405556,Конструктор LEGO Friends Кьюб Оливии с фламинго 41662,609.0,609.0,https://www.detmir.ru/product/index/id/3405556/
3122102,Конструктор LEGO Harry Potter Побег Грин-де-Вальда 75951,2749.0,2749.0,https://www.detmir.ru/product/index/id/3122102/
3405572,Конструктор LEGO Dots Брелок Нарвал 41928,649.0,649.0,https://www.detmir.ru/product/index/id/3405572/
3226652,Конструктор LEGO City Police Ограбление полицейского монстр-трака 60245,5389.0,5389.0,https://www.detmir.ru/product/index/id/3226652/
3226725,Конструктор LEGO Star Wars Истребитель Сид ситхов 75272,7569.0,7569.0,https://www.detmir.ru/product/index/id/3226725/
3405585,Конструктор LEGO City Police Полицейский вертолёт 60275,889.0,889.0,https://www.detmir.ru/product/index/id/3405585/
3239915,Набор для творчества LEGO DOTS дополнительные элементы 109деталей 41908,199.0,199.0,https://www.detmir.ru/product/index/id/3239915/
3104158,Конструктор LEGO Unikitty Велосипед принца Паппикорна 41452,999.0,999.0,https://www.detmir.ru/product/index/id/3104158/
3405569,Конструктор LEGO Dots Брелок Щенок 41927,649.0,649.0,https://www.detmir.ru/product/index/id/3405569/
3405562,Конструктор LEGO Dots Браслет Монстры 41923,629.0,629.0,https://www.detmir.ru/product/index/id/3405562/
3226643,Конструктор LEGO Disney Princess Книга приключений Мулан 43174,1909.0,1909.0,https://www.detmir.ru/product/index/id/3226643/
3244583,Конструктор LEGO Super Mario Марио-строитель 71373,1069.0,1069.0,https://www.detmir.ru/product/index/id/3244583/
3498475,Конструктор LEGO Vidiyo Битбокс Карамельной Русалки 43102,889.0,889.0,https://www.detmir.ru/product/index/id/3498475/
3244555,Конструктор LEGO Super Heroes Чудо-женщина против Гепарды 76157,4189.0,4189.0,https://www.detmir.ru/product/index/id/3244555/
3244507,Конструктор LEGO Friends Спасение слонёнка 41421,2029.0,2029.0,https://www.detmir.ru/product/index/id/3244507/
3226568,Конструктор LEGO Classic Синий 11006,469.0,469.0,https://www.detmir.ru/product/index/id/3226568/
3596804,Конструктор LEGO DOTS Тайлы DOTS — серия 5 41932,249.0,249.0,https://www.detmir.ru/product/index/id/3596804/
3239910,Набор для творчества LEGO DOTS Браслет Сверкающий единорог 41902,579.0,579.0,https://www.detmir.ru/product/index/id/3239910/
3244535,Конструктор LEGO City Воздушная гонка 60260,2989.0,2989.0,https://www.detmir.ru/product/index/id/3244535/
3405575,Конструктор LEGO Dots Тайлы — серия 4 41931,249.0,249.0,https://www.detmir.ru/product/index/id/3405575/
3239830,Набор для творчества LEGO DOTS Браслет Радуга 41900,529.0,529.0,https://www.detmir.ru/product/index/id/3239830/
3498480,Конструктор LEGO Vidiyo Битбокс Диджея Единорога 43106,889.0,889.0,https://www.detmir.ru/product/index/id/3498480/
3226630,Конструктор LEGO Technic Шоу трюков на грузовиках и мотоциклах 42106,5629.0,5629.0,https://www.detmir.ru/product/index/id/3226630/
3596880,Конструктор LEGO Disney Princess Королевская конюшня Белль и Рапунцель 43195,5509.0,5509.0,https://www.detmir.ru/product/index/id/3596880/
3244523,Конструктор LEGO Dots Тайлы Dots 41916,219.0,219.0,https://www.detmir.ru/product/index/id/3244523/
3244577,Конструктор LEGO Super Mario Дом Марио и Йоши 71367,2899.0,2899.0,https://www.detmir.ru/product/index/id/3244577/
3596969,Конструктор LEGO Super Mario Летучий корабль Боузера 71391,10789.0,10789.0,https://www.detmir.ru/product/index/id/3596969/
3200856,Конструктор LEGO Disney Frozen Заколдованный домик на дереве 41164,5389.0,5389.0,https://www.detmir.ru/product/index/id/3200856/
3405574,Конструктор LEGO Dots Брелок Панда 41930,649.0,649.0,https://www.detmir.ru/product/index/id/3405574/
3244515,Конструктор LEGO Friends Цветочный сад Оливии 41425,949.0,949.0,https://www.detmir.ru/product/index/id/3244515/
3244545,Конструктор LEGO Minions Невероятная погоня на мотоцикле 75549,2149.0,2149.0,https://www.detmir.ru/product/index/id/3244545/
3244573,Конструктор LEGO Super Mario Поки из пустыни 71363,2149.0,2149.0,https://www.detmir.ru/product/index/id/3244573/
3405633,Конструктор LEGO Harry Potter Учёба в Хогвартсе Урок зельеварения 76383,3349.0,3349.0,https://www.detmir.ru/product/index/id/3405633/
3193103,Конструктор LEGO Hidden Side Трюковый грузовик Эль-Фуэго 70421,3589.0,3589.0,https://www.detmir.ru/product/index/id/3193103/
3405587,Конструктор LEGO City Police Катер полицейского патруля 60277,5389.0,5389.0,https://www.detmir.ru/product/index/id/3405587/
3234223,Конструктор LEGO Trolls Вечеринка на техно-рифе 41250,2389.0,2389.0,https://www.detmir.ru/product/index/id/3234223/
3200859,Конструктор LEGO Disney Frozen Дорожные приключения Эльзы 41166,3109.0,3109.0,https://www.detmir.ru/product/index/id/3200859/
3244485,Конструктор LEGO Creator Отпуск в доме на колесах 31108,8989.0,8989.0,https://www.detmir.ru/product/index/id/3244485/
3244618,Конструктор LEGO Dots Браслет молния 41919,589.0,589.0,https://www.detmir.ru/product/index/id/3244618/
3244509,Конструктор LEGO Friends Спасение тигра на воздушном шаре 41423,4309.0,4309.0,https://www.detmir.ru/product/index/id/3244509/
3144088,Конструктор LEGO Classic Модели из кубиков 11001,949.0,949.0,https://www.detmir.ru/product/index/id/3144088/
3226564,Конструктор LEGO DUPLO Town Спальня 10926,1549.0,1549.0,https://www.detmir.ru/product/index/id/3226564/
3226693,Конструктор LEGO City Nitro Wheels Гоночные автомобили 60256,2389.0,2389.0,https://www.detmir.ru/product/index/id/3226693/
3142209,Конструктор LEGO Movie Автобус для вечеринки 70828,6699.0,6699.0,https://www.detmir.ru/product/index/id/3142209/
3244524,Конструктор LEGO Dots Браслет Чемпионки 41911,589.0,589.0,https://www.detmir.ru/product/index/id/3244524/
3226569,Конструктор LEGO Classic Зеленый 11007,469.0,469.0,https://www.detmir.ru/product/index/id/3226569/
3142014,Конструктор LEGO DUPLO My First Мои первые цирковые животные 10884,1549.0,1549.0,https://www.detmir.ru/product/index/id/3142014/
3239909,Набор для творчества LEGO DOTS Браслет Забавные животные 41901,579.0,579.0,https://www.detmir.ru/product/index/id/3239909/
3244595,Конструктор LEGO Ninjago Шквал Кружитцу-Ллойд 70687,889.0,889.0,https://www.detmir.ru/product/index/id/3244595/
3226566,Конструктор LEGO DUPLO Town Пекарня 10928,2799.0,2799.0,https://www.detmir.ru/product/index/id/3226566/
3142212,Конструктор LEGO Movie Дом мечты Спасательная ракета Эммета! 70831,5389.0,5389.0,https://www.detmir.ru/product/index/id/3142212/
3239911,Набор для творчества LEGO DOTS Браслет Космические чудеса 41903,579.0,579.0,https://www.detmir.ru/product/index/id/3239911/
3142039,Конструктор LEGO Friends Шоу талантов 41368,4789.0,4789.0,https://www.detmir.ru/product/index/id/3142039/
3018889,Конструктор LEGO Аэропорт DUPLO Town (10871),2389.0,2389.0,https://www.detmir.ru/product/index/id/3018889/
3144108,Конструктор LEGO Disney Princess Башенка Рапунцель 41163,1189.0,1189.0,https://www.detmir.ru/product/index/id/3144108/
3156345,Конструктор LEGO 4+ Вуди на машине 10766,949.0,949.0,https://www.detmir.ru/product/index/id/3156345/
3244519,Конструктор LEGO Friends Летняя шкатулка Стефани 41411,829.0,829.0,https://www.detmir.ru/product/index/id/3244519/
3244514,Конструктор LEGO Friends Дом Стефани 41398,3949.0,3949.0,https://www.detmir.ru/product/index/id/3244514/
3142197,Конструктор LEGO City Supplementary Прямой и Т-образный перекресток 60236,949.0,949.0,https://www.detmir.ru/product/index/id/3142197/
3104157,Конструктор LEGO Unikitty Машина-облако Юникитти 41451,899.0,899.0,https://www.detmir.ru/product/index/id/3104157/
3244518,Конструктор LEGO Friends Летняя шкатулка Андреа 41410,829.0,829.0,https://www.detmir.ru/product/index/id/3244518/
3244575,Конструктор LEGO Super Mario Мощная атака Растения-пираньи 71365,3229.0,3229.0,https://www.detmir.ru/product/index/id/3244575/
3251241,Конструктор LEGO Friends Игровая шкатулка Покупки Оливии 41407,829.0,829.0,https://www.detmir.ru/product/index/id/3251241/
3018880,Конструктор LEGO Мой первый парад животных DUPLO My First (10863),2389.0,2389.0,https://www.detmir.ru/product/index/id/3018880/
2716641,Конструктор LEGO Nexo Knights Комбо-силы NEXO (70373),349.0,349.0,https://www.detmir.ru/product/index/id/2716641/
3405563,Конструктор LEGO Dots Секретная шкатулка 41924,2109.0,2109.0,https://www.detmir.ru/product/index/id/3405563/
3104159,Конструктор LEGO Unikitty Вечеринка 41453,1839.0,1839.0,https://www.detmir.ru/product/index/id/3104159/
3244522,Конструктор LEGO Friends Летняя шкатулка Эммы 41414,829.0,829.0,https://www.detmir.ru/product/index/id/3244522/
3244521,Конструктор LEGO Friends Летняя шкатулка Мии 41413,829.0,829.0,https://www.detmir.ru/product/index/id/3244521/
3251242,Конструктор LEGO Friends Игровая шкатулка Покупки Мии 41408,829.0,829.0,https://www.detmir.ru/product/index/id/3251242/
2496871,Конструктор LEGO Nexo Knights Комбо NEXO Силы - 1 полугодие (70372),349.0,349.0,https://www.detmir.ru/product/index/id/2496871/
3226563,Конструктор LEGO DUPLO Town Игровая комната 10925,1549.0,1549.0,https://www.detmir.ru/product/index/id/3226563/
3251240,Конструктор LEGO Friends Игровая шкатулка Покупки Стефани 41406,829.0,829.0,https://www.detmir.ru/product/index/id/3251240/
3251243,Конструктор LEGO Friends Игровая шкатулка Покупки Эммы 41409,739.0,739.0,https://www.detmir.ru/product/index/id/3251243/
3142016,Конструктор LEGO DUPLO My First Мои первые машинки 10886,1909.0,1909.0,https://www.detmir.ru/product/index/id/3142016/
